JDC,PARISH,AGE,CHARGE,Victim Crime
1,CADDO,33 years,RS 14:30.1 Second Degree Murder,
1,CADDO,49 years,RS 14:30.1 Second Degree Murder,
1,CADDO,65 years,RS 14:30.1 Second Degree Murder,
1,CADDO,67 years,RS 14:30.1 Second Degree Murder,
1,CADDO,32 years,RS 14:30.1 Second Degree Murder,
1,CADDO,72 years,RS 14:30.1 Second Degree Murder,
1,CADDO,52 years," RS 40:967 Distribution of a Schedule 2 Drug, RS 14:108.1. Flight from an officer; aggravated flight from an officer",
1,CADDO,49 years,RS 14:30.1 Second Degree Murder,
1,CADDO,34 years,RS 14:30.1 Second Degree Murder,
1,CADDO,52 years,RS 14:30.1 Second Degree Murder,
1,CADDO,42 years,RS 14:30.1 Second Degree Murder,
1,CADDO,34 years,RS 14:30.1 Second Degree Murder,
1,CADDO,64 years,RS 14.42 Aggravated Rape / First Degree Rape,
1,CADDO,50 years,"RS 14:30.1 Second Degree Murder, RS 14:27 Attempt/14:30.1 Second Degree Murder",
1,CADDO,51 years,RS 14.42 Aggravated Rape / First Degree Rape,
1,CADDO,41 years,RS 14:30.1 Second Degree Murder,
1,CADDO,53 years,RS 14:30.1 Second Degree Murder,
1,CADDO,65 years,"RS 14.42 Aggravated Rape / First Degree Rape, RS 14:64 Armed Robbery, RS 14:89.1 Aggravated crime against nature, Rs 14:54 Simple Kidnapping",
1,CADDO,48 years,RS 14:30.1 Second Degree Murder,
1,CADDO,50 years,RS 14:30.1 Second Degree Murder,
1,CADDO,32 years,RS 14:30.1 Second Degree Murder,
1,CADDO,64 years,"RS 14:64 Armed Robbery, RS 14.42 Aggravated Rape / First Degree Rape, RS 14:89.1 Aggravated crime against nature",
1,CADDO,67 years,RS 14:30.1 Second Degree Murder,
1,CADDO,70 years,RS 14:30.1 Second Degree Murder,
1,CADDO,48 years,"RS 14:30.1 Second Degree Murder, RS 14:27 Attempt/14:30.1 Second Degree Murder",
1,CADDO,29 years,"RS 14:30.1 Second Degree Murder, RS 14:27 Attempt / 14.31 Manslaughter",
1,CADDO,68 years, RS 40:967 Distribution of a Schedule 2 Drug,No
1,CADDO,34 years,RS 14:30.1 Second Degree Murder,
1,CADDO,43 years,RS 14:30.1 Second Degree Murder,
1,CADDO,46 years,RS 14:30.1 Second Degree Murder,
1,CADDO,32 years,RS 14:30.1 Second Degree Murder,
1,CADDO,50 years,"RS 14:64 Armed Robbery, RS 14:27 Attempt/14:30.1 Second Degree Murder",
1,CADDO,63 years,"RS 14:34 Aggravated Battery, RS 14.42 Aggravated Rape / First Degree Rape",
1,CADDO,50 years,"RS 14:64 Armed Robbery, RS 14:27 Attempt/14:30.1 Second Degree Murder",
1,CADDO,45 years,RS 14:64 Armed Robbery,
1,CADDO,47 years,RS 14:64 Armed Robbery,
1,CADDO,34 years,"RS 14.42 Aggravated Rape / First Degree Rape, RS 14:81.2 Molestation of a juvenile",
1,CADDO,52 years,RS 14:108.1. Flight from an officer; aggravated flight from an officer,
1,CADDO,53 years,RS 14.31 Manslaughter,
1,CADDO,40 years,RS 14:30.1 Second Degree Murder,
1,CADDO,59 years,RS 14:64.1 First Degree Robbery,
1,CADDO,67 years,RS 14:30.1 Second Degree Murder,
1,CADDO,53 years,RS 14:30.1 Second Degree Murder,
1,CADDO,36 years,RS 14:30.1 Second Degree Murder,
1,CADDO,65 years,RS 14:30.1 Second Degree Murder,
1,CADDO,48 years,RS 14:64.4 Second Degree Robbery,
1,CADDO,64 years,RS 14:64 Armed Robbery,
1,CADDO,54 years,RS 14:42.1 - Second degree rape / Forcible rape,
1,CADDO,47 years,"RS 14:64 Armed Robbery, RS 14:44.1 — Second degree kidnapping",
1,CADDO,60 years,RS 14:60 Aggravated Burglary,
1,CADDO,33 years,RS 14:64 Armed Robbery,
1,CADDO,41 years,RS 14:64 Armed Robbery,
1,CADDO,45 years,"RS 14:95.1 Felon in Possession of a Firearm, RS 14:94 Illegal Use of Weapons During a Crime of Violence",
1,CADDO,74 years,RS 14:30.1 Second Degree Murder,
1,CADDO,62 years,"RS 14:64 Armed Robbery, RS 14:44.1 — Second degree kidnapping",
1,CADDO,41 years,"RS 14:44.1 — Second degree kidnapping, RS 14:27 Attempt/14:30.1 Second Degree Murder, RS 14:27 Attempt / RS 14:60 aggravated burglary",
1,CADDO,49 years,RS 14:30.1 Second Degree Murder,
1,CADDO,47 years,RS 14:64 Armed Robbery,
1,CADDO,44 years,RS 14.31 Manslaughter,
1,CADDO,45 years,RS 14:64 Armed Robbery,
1,CADDO,47 years,"RS 14:44.1 — Second degree kidnapping, RS 14.27 Attempt/ 14:30 First Degree",
1,CADDO,67 years,RS 14:27 Attempt/14:30.1 Second Degree Murder,
1,CADDO,57 years,RS 14:27 Attempt/14:30.1 Second Degree Murder,
1,CADDO,59 years,RS 14:44.1 — Second degree kidnapping,
1,CADDO,47 years,RS 14:30.1 Second Degree Murder,
1,CADDO,29 years,RS 14:43 Simple (Third Degree) Rape,
1,CADDO,64 years,RS 14.42 Aggravated Rape / First Degree Rape,
1,CADDO,34 years,RS 14.31 Manslaughter,
1,CADDO,47 years,"RS 14:64 Armed Robbery, RS 14:27 Attempt/14:30.1 Second Degree Murder",
1,CADDO,65 years,"RS 14:64 Armed Robbery, RS 14.42 Aggravated Rape / First Degree Rape, RS 14:89.1 Aggravated crime against nature",
1,CADDO,45 years,RS 14:27 Attempt/ 14:34 Armed Robbery,
1,CADDO,53 years,RS 14:30.1 Second Degree Murder,
1,CADDO,56 years,"RS 14:30.1 Second Degree Murder, RS 14:27 Attempt/14:30.1 Second Degree Murder",
1,CADDO,46 years,RS 14.31 Manslaughter,
1,CADDO,55 years,RS 14.42 Aggravated Rape / First Degree Rape,
1,CADDO,48 years,RS 14:30.1 Second Degree Murder,
1,CADDO,73 years,"RS 14.42 Aggravated Rape / First Degree Rape, RS 14.27 Attempt/ 14:30 First Degree",
1,CADDO,49 years,RS 14:64 Armed Robbery,
1,CADDO,65 years,RS 14:30.1 Second Degree Murder,
1,CADDO,29 years,RS 14.31 Manslaughter,
1,CADDO,44 years,RS 14:64 Armed Robbery,
1,CADDO,Invalid date,"RS 14.42 Aggravated Rape / First Degree Rape, RS 14:60 Aggravated Burglary",
1,CADDO,37 years,RS 14:64 Armed Robbery,
1,CADDO,70 years,RS 14:81.2 Molestation of a juvenile,
1,CADDO,42 years,RS 14:30.1 Second Degree Murder,
1,CADDO,Invalid date,RS 14.42 Aggravated Rape / First Degree Rape,
1,CADDO,45 years,RS 14:64 Armed Robbery,
1,CADDO,53 years,RS 14:64 Armed Robbery,
2,BIENVILLE,85 years,RS 14:30.1 Second Degree Murder,
2,CLAIBORNE,66 years,RS 14:30.1 Second Degree Murder,
2,BIENVILLE,40 years,RS 14:64 Armed Robbery,
2,BIENVILLE,46 years,RS 14:30.1 Second Degree Murder,
2,JACKSON,48 years,RS 14:60 Aggravated Burglary,
2,BIENVILLE,52 years,RS 14:30.1 Second Degree Murder,
2,BIENVILLE,44 years,"RS 14:44.1 — Second degree kidnapping, RS 14:37 Aggravated Assault ",
3,LINCOLN,60 years,RS 14.42 Aggravated Rape / First Degree Rape,
3,LINCOLN,66 years,RS 14:30.1 Second Degree Murder,
3,UNION,60 years,RS 14.42 Aggravated Rape / First Degree Rape,
3,LINCOLN,70 years,RS 14:30.1 Second Degree Murder,
3,UNION,Invalid date,RS 14:30.1 Second Degree Murder,
3,LINCOLN,48 years,"RS 14:98.4. Operating while intoxicated, fourth offense",
4,OUACHITA,53 years,RS 14:30.1 Second Degree Murder,
4,OUACHITA,47 years,RS 14:30.1 Second Degree Murder,
4,MOREHOUSE,54 years,RS 14:30.1 Second Degree Murder,
4,OUACHITA,73 years,RS 14:30.1 Second Degree Murder,
4,OUACHITA,45 years,RS 14:30.1 Second Degree Murder,
4,MOREHOUSE,55 years,RS 14.27 Attempt/ RS 14.42 Aggravated Rape,
4,OUACHITA,49 years,RS 14:30.1 Second Degree Murder,
4,MOREHOUSE,71 years,"RS 14:64 Armed Robbery, RS 14.42 Aggravated Rape / First Degree Rape",
4,OUACHITA,48 years,RS 14:30.1 Second Degree Murder,
4,OUACHITA,52 years,RS 14:30.1 Second Degree Murder,
4,MOREHOUSE,45 years,"RS 14:34 Aggravated Battery, RS 14:95.1 Felon in Possession of a Firearm",
4,MOREHOUSE,74 years,"RS 14:30.1 Second Degree Murder, RS 14:27 Attempt/14:30.1 Second Degree Murder",
4,OUACHITA,67 years,RS 14:89.1(A)(2)(a) - Aggravated incest,
4,OUACHITA,55 years,RS 40:967  Possession with Intent to Distribute Schedule II,
4,OUACHITA,53 years,"RS 14:30.1 Second Degree Murder, RS 14:27 Attempt/ 14:34 Armed Robbery, RS 14:95.1 Felon in Possession of a Firearm",
4,OUACHITA,59 years,"RS 14.42 Aggravated Rape / First Degree Rape, RS 14.27 Attempt/ RS 14.42 Aggravated Rape, RS 14:64.1 First Degree Robbery",
4,MOREHOUSE,48 years,RS 14:30.1 Second Degree Murder,
4,OUACHITA,61 years,"RS 14:30.1 Second Degree Murder, RS 14:34 Aggravated Battery, RS 14:27 Attempt / 14.31 Manslaughter",
4,OUACHITA,53 years,RS 14:30.1 Second Degree Murder,
4,OUACHITA,51 years,RS 14.31 Manslaughter,
4,OUACHITA,51 years,"RS 14:43.1 Sexual battery,, RS 14:89.1(A)(2)(a) - Aggravated incest",
4,OUACHITA,33 years,RS 14:27 Attempt/14:30.1 Second Degree Murder,
4,OUACHITA,62 years,"RS 14:64.1 First Degree Robbery, RS 14:89.1 Aggravated crime against nature, RS 14.42 Aggravated Rape / First Degree Rape",
4,OUACHITA,67 years,RS 14:30.1 Second Degree Murder,
4,OUACHITA,55 years,RS 14:64.2 Carjacking,
4,OUACHITA,56 years,RS 14:30.1 Second Degree Murder,
4,MOREHOUSE,45 years,RS 14:30.1 Second Degree Murder,
4,OUACHITA,53 years,RS 14:30.1 Second Degree Murder,
4,OUACHITA,Invalid date,RS 14:30.1 Second Degree Murder,
4,OUACHITA,46 years,RS 14:30.1 Second Degree Murder,
4,OUACHITA,50 years,RS 14:27 Attempt/14:30.1 Second Degree Murder,
4,OUACHITA,68 years,RS 14.42 Aggravated Rape / First Degree Rape,
4,OUACHITA,49 years,"RS 14.42 Aggravated Rape / First Degree Rape, RS 14:46.1 False Imprisonment; offender armed with dangerous weapon",
4,MOREHOUSE,Invalid date,"RS 14.42 Aggravated Rape / First Degree Rape, RS 14:89.1 Aggravated crime against nature",
4,OUACHITA,57 years,RS 14:30.1 Second Degree Murder,
4,OUACHITA,60 years,RS 14:30.1 Second Degree Murder,
5,RICHLAND,37 years,RS 14:64 Armed Robbery,
5,FRANKLIN,78 years,RS 14:30.1 Second Degree Murder,
6,MADISON,46 years,RS 14:64 Armed Robbery,
6,TENSAS,Invalid date,"RS 14:64 Armed Robbery, RS 14:34.1 Second Degree Battery",
9,RAPIDES,50 years,RS 14.42 Aggravated Rape / First Degree Rape,
9,RAPIDES,37 years,"RS 14:30.1 Second Degree Murder, RS 14:130.1 Obstruction of Justice",
9,RAPIDES,39 years,RS 14:30.1 Second Degree Murder,
9,RAPIDES,51 years,RS 14.31 Manslaughter,
9,RAPIDES,48 years,"RS 14:64 Armed Robbery, RS 14:34 Aggravated Battery",
9,RAPIDES,63 years,RS 14:30.1 Second Degree Murder,
9,RAPIDES,38 years,"RS 14:64 Armed Robbery, RS 14:44.1 — Second degree kidnapping",
9,RAPIDES,Invalid date,RS 14.42 Aggravated Rape / First Degree Rape,
9,RAPIDES,Invalid date,"RS 14:30.1 Second Degree Murder, RS 14:95.1 Felon in Possession of a Firearm",
10,NATCHITOCHES,45 years,RS 14:30.1 Second Degree Murder,
10,NATCHITOCHES,34 years,"RS 14:30.1 Second Degree Murder, RS 14:27 Attempt/ 14:34 Armed Robbery",
10,NATCHITOCHES,Invalid date,RS 14:30.1 Second Degree Murder,
11,SABINE,47 years,RS 14.42 Aggravated Rape / First Degree Rape,
11,SABINE,Invalid date,RS 14:30.1 Second Degree Murder,
11,SABINE,54 years,RS 14.42 Aggravated Rape / First Degree Rape,
12,AVOYELLES,62 years,RS 14:30.1 Second Degree Murder,
12,AVOYELLES,50 years,RS 14.31 Manslaughter,
12,AVOYELLES,51 years,RS 14:30.1 Second Degree Murder,
12,AVOYELLES,46 years,RS 14:30.1 Second Degree Murder,
12,AVOYELLES,61 years,RS 14:42.1 - Second degree rape / Forcible rape,
13,EVANGELINE,58 years,RS 14:30.1 Second Degree Murder,
13,EVANGELINE,50 years,"RS 14:64 Armed Robbery, RS 14:60 Aggravated Burglary, RS 14:(26)64 conspiracy to commit armed robbery, RS 14:(26)60 Conspiracy to Commit Aggravated Burglary",
13,EVANGELINE,Invalid date,"RS 14:27 Attempt/14:30.1 Second Degree Murder, RS 14:30.1 Second Degree Murder, 14:32.7 Second Degree Feticide",
14,CALCASIEU,59 years,"RS 14.42 Aggravated Rape / First Degree Rape, ""RS 14:43.1 Sexual battery,""",
14,CALCASIEU,37 years,"RS 14:30.1 Second Degree Murder, RS 14:34 Aggravated Battery",
14,CALCASIEU,61 years,RS 14:30.1 Second Degree Murder,
14,CALCASIEU,61 years,"RS 14.27 Attempt / 14:34.6 Disarming a police officer, RS 14:34.1 Second Degree Battery, RS 14:67 Theft",
14,CALCASIEU,41 years,RS 14:30.1 Second Degree Murder,
14,CALCASIEU,47 years,RS 14:30.1 Second Degree Murder,
14,CALCASIEU,43 years,"RS 14.42 Aggravated Rape / First Degree Rape, RS 14:44.1 — Second degree kidnapping",
14,CALCASIEU,40 years,RS 14:30.1 Second Degree Murder,
14,CALCASIEU,45 years,RS 14.31 Manslaughter,
14,CALCASIEU,69 years,RS 14:30.1 Second Degree Murder,
14,CALCASIEU,41 years,RS 14.42 Aggravated Rape / First Degree Rape,
14,CALCASIEU,63 years,RS 14:30.1 Second Degree Murder,
14,CALCASIEU,75 years,RS 14.42 Aggravated Rape / First Degree Rape,
14,CALCASIEU,31 years,RS 14:30.1 Second Degree Murder,
14,CALCASIEU,52 years,RS 14:30.1 Second Degree Murder,
14,CALCASIEU,40 years,RS 14:27 Attempt/14:30.1 Second Degree Murder,
14,CALCASIEU,47 years,RS 14:89.1(A)(2)(a) - Aggravated incest,
14,CALCASIEU,65 years,"RS 14.51 Aggravated Arson, RS 14:64 Armed Robbery",
14,CALCASIEU,42 years,RS 14.31 Manslaughter,
14,CALCASIEU,42 years,RS 14.31 Manslaughter,
14,CALCASIEU,42 years,RS 14:30.1 Second Degree Murder,
14,CALCASIEU,60 years,RS 14.42 Aggravated Rape / First Degree Rape,
14,CALCASIEU,43 years,RS 14:64 Armed Robbery,
14,CALCASIEU,64 years,RS 14:30.1 Second Degree Murder,
14,CALCASIEU,50 years,RS 14:27 Attempt/14:30.1 Second Degree Murder,
14,CALCASIEU,39 years,RS 14:30.1 Second Degree Murder,
14,CALCASIEU,69 years,RS 14.42 Aggravated Rape / First Degree Rape,
14,CALCASIEU,51 years,RS 14.42 Aggravated Rape / First Degree Rape,
14,CALCASIEU,Invalid date,"RS 14.27 Attempt/ RS 14.42 Aggravated Rape, RS 14:60 Aggravated Burglary, RS 14:89.1 Aggravated crime against nature",
14,CALCASIEU,50 years,RS 14.42 Aggravated Rape / First Degree Rape,
14,CALCASIEU,52 years,"RS 14:34.1 Second Degree Battery, RS 14:44.1 — Second degree kidnapping",
14,CALCASIEU,Invalid date,"RS 14:30.1 Second Degree Murder, RS 14.31 Manslaughter",
14,CALCASIEU,48 years,"RS 14:34 Aggravated Battery, RS 14:27 Attempt/ 14:34 Armed Robbery",
15,LAFAYETTE,55 years,RS 14:30.1 Second Degree Murder,
15,LAFAYETTE,55 years,"RS 14:95.1 Felon in Possession of a Firearm, 14:67.15 Theft of a Firearm",
15,VERMILION,68 years,RS 14:30.1 Second Degree Murder,
15,LAFAYETTE,57 years,"RS 14:30.1 Second Degree Murder, RS 14:34 Aggravated Battery",
15,LAFAYETTE,49 years,RS 14:30.1 Second Degree Murder,
15,LAFAYETTE,57 years,RS 14:30.1 Second Degree Murder,
15,LAFAYETTE,35 years,"RS 14.42 Aggravated Rape / First Degree Rape, RS 14:64 Armed Robbery",
15,LAFAYETTE,39 years,RS 14:30.1 Second Degree Murder,
15,VERMILION,55 years,"RS 14:43.1 Sexual battery,",
15,LAFAYETTE,70 years,RS 14:30.1 Second Degree Murder,
15,LAFAYETTE,50 years,RS 14:30.1 Second Degree Murder,
15,LAFAYETTE,48 years,RS 14:30.1 Second Degree Murder,
15,LAFAYETTE,58 years,RS 14:30.1 Second Degree Murder,
15,LAFAYETTE,45 years,RS 14:30.1 Second Degree Murder,
15,ACADIA,74 years,RS 14:30.1 Second Degree Murder,
15,LAFAYETTE,42 years,"RS 14:27 Attempt/14:30.1 Second Degree Murder, RS 14.31 Manslaughter",
15,LAFAYETTE,64 years,RS 14.42 Aggravated Rape / First Degree Rape,
15,LAFAYETTE,54 years,RS 14:30.1 Second Degree Murder,
15,LAFAYETTE,53 years,RS 14:64 Armed Robbery,
15,LAFAYETTE,53 years,RS 14:64 Armed Robbery,
15,LAFAYETTE,62 years,RS 14.42 Aggravated Rape / First Degree Rape,
15,LAFAYETTE,Invalid date,RS 14.31 Manslaughter,
15,LAFAYETTE,Invalid date,RS 14:30.1 Second Degree Murder,
15,LAFAYETTE,60 years,RS 14:30.1 Second Degree Murder,
15,LAFAYETTE,64 years,RS 14:64 Armed Robbery,
15,LAFAYETTE,44 years,"RS 14:64 Armed Robbery, RS 14:64.2 Carjacking",
15,LAFAYETTE,54 years,"RS 14.31 Manslaughter, RS 14.42 Aggravated Rape / First Degree Rape",
15,LAFAYETTE,46 years,"RS 14:60 Aggravated Burglary, RS 14:27 Attempt / 14.31 Manslaughter",
15,LAFAYETTE,40 years,RS 14:30.1 Second Degree Murder,
15,VERMILION,Invalid date,RS 14.42 Aggravated Rape / First Degree Rape,
15,LAFAYETTE,62 years,RS 14:64.4 Second Degree Robbery,
15,Vermillion,Invalid date,RS 14.27 Attempt/ 14:30 First Degree,
16,ST. MARY,46 years,RS 40:967  Possession with Intent to Distribute Schedule II,
16,ST. MARY,66 years,RS 14:30.1 Second Degree Murder,
16,IBERIA,34 years,RS 14:30.1 Second Degree Murder,
16,IBERIA,43 years,RS 14:27 Attempt/14:30.1 Second Degree Murder,
16,ST. MARTIN,46 years,RS 14:64 Armed Robbery,
16,ST. MARY,62 years,RS 14:30.1 Second Degree Murder,
16,IBERIA,49 years,RS 14:30.1 Second Degree Murder,
16,ST. MARY,49 years,"RS 14:64 Armed Robbery, RS 14:95.1 Felon in Possession of a Firearm",
16,ST. MARY,Invalid date,RS 14:30.1 Second Degree Murder,
16,ST. MARY,58 years,"RS 14:27 Attempt / 14.31 Manslaughter, RS 14:27 Attempt/14:30.1 Second Degree Murder, RS 14:67.26 Theft of Motor Vechicle <1500, RS 14:62.3 Unauthorized Entry to an Inhabited Dwelling",
16,ST. MARY,39 years,RS 14:30.1 Second Degree Murder,
16,IBERIA,47 years,"RS 14:34 Aggravated Battery, RS 14:27 Attempt/ 14:34 Armed Robbery",
17,LAFOURCHE,65 years,RS 14:30.1 Second Degree Murder,
17,LAFOURCHE,64 years,RS 14:30.1 Second Degree Murder,
17,LAFOURCHE,54 years,RS 14:30.1 Second Degree Murder,
17,LAFOURCHE,33 years,"RS 14:27 Attempt/14:30.1 Second Degree Murder, RS 14:95.1 Felon in Possession of a Firearm",
17,LAFOURCHE,32 years,RS 14:27 Attempt / 14.31 Manslaughter,
17,LAFOURCHE,52 years,RS 14:30.1 Second Degree Murder,
17,LAFOURCHE,30 years,RS 14:30.1 Second Degree Murder,
18,POINTE COUPEE,54 years,"RS 14:30.1 Second Degree Murder, RS 14:27 Attempt/14:30.1 Second Degree Murder",
18,IBERVILLE,60 years,RS 14:30.1 Second Degree Murder,
18,WEST BATON ROUGE,53 years,RS 14:27 Attempt/14:30.1 Second Degree Murder,
18,WEST BATON ROUGE,77 years,RS 14.42 Aggravated Rape / First Degree Rape,
18,IBERVILLE,47 years,RS 14:30.1 Second Degree Murder,
18,POINTE COUPEE,58 years,RS 14:30.1 Second Degree Murder,
18,IBERVILLE,Invalid date,RS 14:30.1 Second Degree Murder,
18,WEST BATON ROUGE,65 years,RS 14:43 Simple (Third Degree) Rape,
18,POINTE COUPEE,42 years,RS 14:30.1 Second Degree Murder,
18,POINTE COUPEE,Invalid date,RS 14:30.1 Second Degree Murder,
19,EAST BATON ROUGE,51 years,RS 14:30.1 Second Degree Murder,
19,EAST BATON ROUGE,67 years,"RS 14:60 Aggravated Burglary, RS 14.42 Aggravated Rape / First Degree Rape",
19,EAST BATON ROUGE,62 years,RS 14:30.1 Second Degree Murder,
19,EAST BATON ROUGE,42 years,"RS 14.42 Aggravated Rape / First Degree Rape, RS 14:64 Armed Robbery",
19,EAST BATON ROUGE,66 years,RS 14:30.1 Second Degree Murder,
19,EAST BATON ROUGE,64 years,RS 14.42 Aggravated Rape / First Degree Rape,
19,EAST BATON ROUGE,32 years,RS 14:30.1 Second Degree Murder,
19,EAST BATON ROUGE,55 years,"RS 14.42 Aggravated Rape / First Degree Rape, RS 14:60 Aggravated Burglary, RS 14:27 Attempt/14:30.1 Second Degree Murder",
19,EAST BATON ROUGE,77 years,RS 14.42 Aggravated Rape / First Degree Rape,
19,EAST BATON ROUGE,65 years,"RS 14.42 Aggravated Rape / First Degree Rape, RS 14:64 Armed Robbery, RS 14:60 Aggravated Burglary",
19,EAST BATON ROUGE,52 years,RS 14:30.1 Second Degree Murder,
19,EAST BATON ROUGE,69 years,RS 14:30.1 Second Degree Murder,
19,EAST BATON ROUGE,51 years,"RS 14.42 Aggravated Rape / First Degree Rape, RS 14:27 Attempt / 14.31 Manslaughter",
19,EAST BATON ROUGE,59 years,RS 14.42 Aggravated Rape / First Degree Rape,
19,EAST BATON ROUGE,44 years,RS 14:30.1 Second Degree Murder,
19,EAST BATON ROUGE,50 years,RS 14:30.1 Second Degree Murder,
19,EAST BATON ROUGE,59 years,RS 14:30.1 Second Degree Murder,
19,EAST BATON ROUGE,50 years,RS 14.31 Manslaughter,
19,EAST BATON ROUGE,48 years,"RS 14:43 Simple (Third Degree) Rape, RS 40:967  Possession with Intent to Distribute Schedule II",
19,EAST BATON ROUGE,32 years,RS 14.31 Manslaughter,
19,EAST BATON ROUGE,62 years,RS 14:64 Armed Robbery,
19,EAST BATON ROUGE,64 years,RS 14.42 Aggravated Rape / First Degree Rape,
19,EAST BATON ROUGE,40 years,RS 14:30.1 Second Degree Murder,
19,EAST BATON ROUGE,52 years,RS 40:967  Possession with Intent to Distribute Schedule II,
19,EAST BATON ROUGE,40 years,"RS 14:27 Attempt/14:30.1 Second Degree Murder, RS 14:30.1 Second Degree Murder",
19,EAST BATON ROUGE,69 years,RS 14:64 Armed Robbery,
19,EAST BATON ROUGE,53 years,RS 14:30.1 Second Degree Murder,
19,EAST BATON ROUGE,36 years,RS 14:30.1 Second Degree Murder,
19,EAST BATON ROUGE,38 years,"RS 14.42 Aggravated Rape / First Degree Rape, RS 14:64 Armed Robbery",
19,EAST BATON ROUGE,40 years,"RS 14:27 Attempt/14:30.1 Second Degree Murder, RS 14:26 Conspiracy to/RS 40L969 Distribute Schedule IV",
19,EAST BATON ROUGE,42 years,RS 14:93.2.3 Second Degree Cruelty to Juvenilles,
19,EAST BATON ROUGE,47 years,"RS 14:42.1 - Second degree rape / Forcible rape, RS 14:81.2 Molestation of a juvenile",
19,EAST BATON ROUGE,38 years,RS 14:64 Armed Robbery,
19,EAST BATON ROUGE,62 years,RS 14.31 Manslaughter,
19,EAST BATON ROUGE,44 years,RS 14:64 Armed Robbery,
19,EAST BATON ROUGE,58 years,"RS 14:44.1 — Second degree kidnapping, RS 14:42.1 - Second degree rape / Forcible rape",
19,EAST BATON ROUGE,45 years,"RS 14.31 Manslaughter, RS 14:95.1 Felon in Possession of a Firearm",
19,EAST BATON ROUGE,31 years,"RS 14:108.1. Flight from an officer; aggravated flight from an officer, RS 14:100 Hit and Run involving bodily injury or death, RS 14.31 Manslaughter",
19,EAST BATON ROUGE,48 years,"RS 14.31 Manslaughter, RS 14:34 Aggravated Battery",
19,EAST BATON ROUGE,44 years,RS 14:30.1 Second Degree Murder,
19,EAST BATON ROUGE,54 years,RS 14.31 Manslaughter,
19,EAST BATON ROUGE,66 years,RS 14:30.1 Second Degree Murder,
19,EAST BATON ROUGE,52 years,RS 14:30.1 Second Degree Murder,
19,EAST BATON ROUGE,42 years,RS 14:27 Attempt/14:30.1 Second Degree Murder,
19,EAST BATON ROUGE,61 years,"RS 14:30.1 Second Degree Murder, RS 14:95.1 Felon in Possession of a Firearm",
19,EAST BATON ROUGE,56 years,RS 14.31 Manslaughter,
19,EAST BATON ROUGE,71 years,RS 14:64 Armed Robbery,
19,EAST BATON ROUGE,58 years,RS 14:30.1 Second Degree Murder,
19,EAST BATON ROUGE,44 years,"RS 14:110 Simple Escape, RS 40:967  Possession with Intent to Distribute Schedule II",No
19,EAST BATON ROUGE,56 years,"RS 14.42 Aggravated Rape / First Degree Rape, RS 14:89.1 Aggravated crime against nature",
19,EAST BATON ROUGE,50 years,RS 14:30.1 Second Degree Murder,
19,EAST BATON ROUGE,36 years,"RS 14:60 Aggravated Burglary, RS 14:64 Armed Robbery",
19,EAST BATON ROUGE,48 years,"RS 14:64.1 First Degree Robbery, RS 14:27 RS 14:61.1 Attempt First Degree Robbery",
19,EAST BATON ROUGE,53 years,RS 14:30.1 Second Degree Murder,
19,EAST BATON ROUGE,59 years,RS 14:30.1 Second Degree Murder,
19,EAST BATON ROUGE,63 years,RS 14:30.1 Second Degree Murder,
19,EAST BATON ROUGE,62 years,RS 14:30.1 Second Degree Murder,
19,EAST BATON ROUGE,67 years,"Rs 14:54 Simple Kidnapping, RS 14:44 Aggravated Kidnapping",
19,EAST BATON ROUGE,46 years,RS 14:42.1 - Second degree rape / Forcible rape,
19,EAST BATON ROUGE,58 years,RS 40:967  Possession with Intent to Distribute Schedule II,
19,EAST BATON ROUGE,71 years,RS 14:30.1 Second Degree Murder,
19,EAST BATON ROUGE,39 years,RS 14:30.1 Second Degree Murder,
19,EAST BATON ROUGE,48 years,RS 14:27 Attempt/14:30.1 Second Degree Murder,
19,EAST BATON ROUGE,61 years,RS 14.42 Aggravated Rape / First Degree Rape,
19,EAST BATON ROUGE,48 years,"RS 14:64 Armed Robbery, RS 14:27 Attempt/ 14:34 Armed Robbery",
19,EAST BATON ROUGE,70 years,RS 14:30.1 Second Degree Murder,
19,EAST BATON ROUGE,61 years,RS 14:30.1 Second Degree Murder,
19,EAST BATON ROUGE,47 years,RS 14:30.1 Second Degree Murder,
19,EAST BATON ROUGE,64 years,"RS 14:27 Attempt/ 14:34 Armed Robbery, RS 14:95.1 Felon in Possession of a Firearm",
19,EAST BATON ROUGE,61 years,RS 14:30.1 Second Degree Murder,
19,EAST BATON ROUGE,54 years,RS 14:30.1 Second Degree Murder,
19,EAST BATON ROUGE,44 years,RS 14:30.1 Second Degree Murder,
19,EAST BATON ROUGE,58 years,RS 14:30.1 Second Degree Murder,
19,EAST BATON ROUGE,43 years,RS 14:30.1 Second Degree Murder,
19,EAST BATON ROUGE,60 years,RS 14.42 Aggravated Rape / First Degree Rape,
19,EAST BATON ROUGE,47 years,RS 14:30.1 Second Degree Murder,
19,EAST BATON ROUGE,55 years,RS 14:64 Armed Robbery,
19,EAST BATON ROUGE,68 years,RS 14:64 Armed Robbery,
19,EAST BATON ROUGE,68 years,"RS 14.42 Aggravated Rape / First Degree Rape, RS 14:89.1 Aggravated crime against nature",
19,EAST BATON ROUGE,71 years,RS 14.42 Aggravated Rape / First Degree Rape,
19,EAST BATON ROUGE,52 years,RS 14:30.1 Second Degree Murder,
19,EAST BATON ROUGE,59 years,RS 14:34 Aggravated Battery,
19,EAST BATON ROUGE,77 years,RS 14:30.1 Second Degree Murder,
19,EAST BATON ROUGE,47 years,"RS 14:30.1 Second Degree Murder, RS 14:27 Attempt/14:30.1 Second Degree Murder",
19,EAST BATON ROUGE,66 years,RS 14:64 Armed Robbery,
19,EAST BATON ROUGE,53 years,RS 14:64 Armed Robbery,
19,EAST BATON ROUGE,43 years,"RS 14:27 Attempt/14:30.1 Second Degree Murder, RS 14:95.1 Felon in Possession of a Firearm",
19,EAST BATON ROUGE,64 years,RS 14.42 Aggravated Rape / First Degree Rape,
19,EAST BATON ROUGE,66 years,RS 14.42 Aggravated Rape / First Degree Rape,
19,EAST BATON ROUGE,60 years,RS 14:30.1 Second Degree Murder,
19,EAST BATON ROUGE,62 years,RS 14:30.1 Second Degree Murder,
19,EAST BATON ROUGE,62 years,RS 14:44 Aggravated Kidnapping,
19,EAST BATON ROUGE,58 years,RS 14.31 Manslaughter,
19,EAST BATON ROUGE,45 years,RS 14:30.1 Second Degree Murder,
19,EAST BATON ROUGE,68 years,RS 14.42 Aggravated Rape / First Degree Rape,
19,EAST BATON ROUGE,58 years,RS 14.42 Aggravated Rape / First Degree Rape,
20,EAST FELICIANA,42 years,RS 14.31 Manslaughter,
20,EAST FELICIANA,47 years,RS 14:30.1 Second Degree Murder,
20,EAST FELICIANA,Invalid date,RS 14:30.1 Second Degree Murder,
20,EAST FELICIANA,45 years,RS 14:64 Armed Robbery,
20,EAST FELICIANA,47 years,"RS 14:60 Aggravated Burglary, RS 14.27 Attempt/ 14:30 First Degree",
20,WEST FELICIANA,47 years,RS 14:27 Attempt/14:30.1 Second Degree Murder,
21,TANGIPAHOA,45 years,RS 14:30.1 Second Degree Murder,
21,LIVINGSTON,69 years,RS 14:30.1 Second Degree Murder,
21,TANGIPAHOA,39 years,RS 14:30.1 Second Degree Murder,
21,LIVINGSTON,67 years,RS 14:30.1 Second Degree Murder,
21,LIVINGSTON,36 years,RS 14:30.1 Second Degree Murder,
21,LIVINGSTON,38 years,RS 14:62.8 Home Invasion,
21,TANGIPAHOA,74 years,RS 14:30.1 Second Degree Murder,
21,TANGIPAHOA,64 years,"RS 14:65 Simple Robbery, RS 14:30.1 Second Degree Murder",
21,TANGIPAHOA,50 years,RS 14:30.1 Second Degree Murder,
21,TANGIPAHOA,59 years,RS 14:64 Armed Robbery,
21,TANGIPAHOA,47 years,"RS 14:30.1 Second Degree Murder, RS 14:27 Attempt/ 14:34 Armed Robbery",
21,LIVINGSTON,Invalid date,RS 14:30.1 Second Degree Murder,
21,TANGIPAHOA,55 years,RS 14:30.1 Second Degree Murder,
21,TANGIPAHOA,45 years,RS 14:30.1 Second Degree Murder,
21,TANGIPAHOA,47 years,RS 14.31 Manslaughter,
22,ST. TAMMANY,62 years,RS 14:30.1 Second Degree Murder,
22,WASHINGTON,50 years,RS 14:30.1 Second Degree Murder,
22,ST. TAMMANY,67 years,RS 14.42 Aggravated Rape / First Degree Rape,
22,ST. TAMMANY,49 years,RS 14:30.1 Second Degree Murder,
22,ST. TAMMANY,65 years,"RS 14.42 Aggravated Rape / First Degree Rape, RS 14:89.1(A)(2)(a) - Aggravated incest",
22,ST. TAMMANY,55 years,RS 14:30.1 Second Degree Murder,
22,WASHINGTON,44 years,RS 14:30.1 Second Degree Murder,
22,WASHINGTON,38 years,RS 14:30.1 Second Degree Murder,
22,WASHINGTON,48 years,RS 14:30.1 Second Degree Murder,
22,ST. TAMMANY,56 years,RS 14:30.1 Second Degree Murder,
22,WASHINGTON,55 years,"RS 14:44 Aggravated Kidnapping, RS 14.27 Attempt/RS 14:54 Simple Kidnapping",
22,WASHINGTON,67 years,RS 14:30.1 Second Degree Murder,
22,WASHINGTON,49 years,"RS 14.42 Aggravated Rape / First Degree Rape, RS 14:78.1 Aggravated Incest (Repealed in 2014)",
22,ST. TAMMANY,37 years,RS 14.31 Manslaughter,
22,ST. TAMMANY,58 years, RS 40:967 Distribution of a Schedule 2 Drug,No
22,ST. TAMMANY,69 years,RS 14:89.1(A)(2)(a) - Aggravated incest,
22,WASHINGTON,30 years,"RS 14:34 Aggravated Battery, RS 14:44 Aggravated Kidnapping, RS 14:95.1 Felon in Possession of a Firearm, RS 14.42 Aggravated Rape / First Degree Rape, RS 14:27 Attempt / 14.31 Manslaughter, RS 14:108.1. Flight from an officer; aggravated flight from an officer, RS 14:67.26 Theft of Motor Vechicle <1500",
22,ST. TAMMANY,47 years,RS 14.31 Manslaughter,
22,ST. TAMMANY,32 years,RS 14:30.1 Second Degree Murder,
22,ST. TAMMANY,41 years,RS 14:30.1 Second Degree Murder,
22,ST. TAMMANY,65 years,RS 14:30.1 Second Degree Murder,
22,ST. TAMMANY,40 years,RS 14.42 Aggravated Rape / First Degree Rape,
22,ST. TAMMANY,47 years,RS 14.42 Aggravated Rape / First Degree Rape,
22,ST. TAMMANY,69 years,"RS 14:43.1 Sexual battery,",
22,ST. TAMMANY,38 years, RS 40:967 Distribution of a Schedule 2 Drug,No
22,ST. TAMMANY,50 years,"RS 14:43.1 Sexual battery,",
22,ST. TAMMANY,48 years,RS 14:42.1 - Second degree rape / Forcible rape,
22,ST. TAMMANY,49 years,RS 14:42.1 - Second degree rape / Forcible rape,
22,ST. TAMMANY,56 years,RS 14:81 (27) - Indecent behavior with juveniles - Attempted,
22,ST. TAMMANY,44 years,RS 14:64 Armed Robbery,
22,ST. TAMMANY,58 years,RS 14:30.1 Second Degree Murder,
22,ST. TAMMANY,47 years,RS 14:30.1 Second Degree Murder,
22,WASHINGTON,55 years,RS 14.42 Aggravated Rape / First Degree Rape,
22,ST. TAMMANY,48 years,RS 14:64 Armed Robbery,
22,WASHINGTON,46 years,RS 14.42 Aggravated Rape / First Degree Rape,
22,ST. TAMMANY,54 years,RS 14.42 Aggravated Rape / First Degree Rape,
22,ST. TAMMANY,46 years,"RS 14:64 Armed Robbery, RS 14:27 Attempt/ 14:34 Armed Robbery, RS 14:108.1. Flight from an officer; aggravated flight from an officer",
22,ST. TAMMANY,47 years,RS 14:64 Armed Robbery,
22,WASHINGTON,63 years,RS 14:27 Attempt/ RS 14:43.1 Sexual Battery,
22,ST. TAMMANY,50 years,RS 14:30.1 Second Degree Murder,
22,ST. TAMMANY,73 years,RS 14.42 Aggravated Rape / First Degree Rape,
22,WASHINGTON,65 years,RS 14:30.1 Second Degree Murder,
22,WASHINGTON,50 years,RS 14:30.1 Second Degree Murder,
22,ST. TAMMANY,59 years,RS 14:30 First Degree Murder,
22,ST. TAMMANY,66 years,RS 14:30.1 Second Degree Murder,
22,ST. TAMMANY,75 years,RS 14.42 Aggravated Rape / First Degree Rape,
22,ST. TAMMANY,60 years,RS 14:42.1 - Second degree rape / Forcible rape,
22,ST. TAMMANY,Invalid date,RS 14:30.1 Second Degree Murder,
22,ST. TAMMANY,33 years,RS 14:64 Armed Robbery,
22,WASHINGTON,39 years,RS 14.31 Manslaughter,
22,WASHINGTON,64 years,RS 14.31 Manslaughter,
22,WASHINGTON,51 years,RS 14:30.1 Second Degree Murder,
22,ST. TAMMANY,44 years,"RS 14:64 Armed Robbery, RS 14:95.1 Felon in Possession of a Firearm",
22,WASHINGTON,51 years,RS 14.42 Aggravated Rape / First Degree Rape,
22,ST. TAMMANY,49 years,"RS 14:95.1 Felon in Possession of a Firearm, RS 40:967C Possession of Cocaine",
22,ST. TAMMANY,63 years,"RS 40:983 Operation of a clandestine methamphetamine laboratory, RS 40:967 Possession of a Schedule 2 Drug",
22,ST. TAMMANY,60 years,RS 14.42 Aggravated Rape / First Degree Rape,
22,WASHINGTON,38 years,RS 14.27 / RS 14:81.2 Molestation of a Juvenile,
22,ST. TAMMANY,64 years,"RS 14:60 Aggravated Burglary, RS 14:27 Attempt/14:30.1 Second Degree Murder",
22,ST. TAMMANY,47 years,RS 14:64 Armed Robbery,
22,WASHINGTON,57 years,"RS 14.27 Attempt/ RS 14.42 Aggravated Rape, RS 14:43.2 Second Degree Sexual Battery",
22,ST. TAMMANY,51 years,RS 14.42 Aggravated Rape / First Degree Rape,
22,ST. TAMMANY,51 years,RS 40:967  Possession with Intent to Distribute Schedule II,
22,WASHINGTON,Invalid date,"RS 14:43.1 Sexual battery,",
22,ST. TAMMANY,40 years,RS 14:30.1 Second Degree Murder,
22,ST. TAMMANY,43 years,RS 14:30 First Degree Murder,
22,ST. TAMMANY,Invalid date,RS 14:30.1 Second Degree Murder,
22,ST. TAMMANY,46 years,RS 14:108.1. Flight from an officer; aggravated flight from an officer,
22,ST. TAMMANY,39 years,RS 14:64 Armed Robbery,
23,ASCENSION,50 years,RS 14:30.1 Second Degree Murder,
23,ASCENSION,47 years,RS 14.31 Manslaughter,
23,ASCENSION,51 years,RS 14:30.1 Second Degree Murder,
23,ASCENSION,42 years,RS 14:30.1 Second Degree Murder,
23,ASSUMPTION,68 years,RS 14:30.1 Second Degree Murder,
23,ASCENSION,53 years,RS 14:64 Armed Robbery,
23,ASCENSION,63 years,RS 14.42 Aggravated Rape / First Degree Rape,
23,ST. JAMES,56 years,RS 14:30.1 Second Degree Murder,
23,ASSUMPTION,41 years,RS 14.27 Attempt/ RS 14.42 Aggravated Rape,
23,ASCENSION,48 years,"RS 14:60 Aggravated Burglary, RS 14:62.3 Unauthorized Entry to an Inhabited Dwelling",
23,ASCENSION,Invalid date,RS 14:30.1 Second Degree Murder,
23,ASCENSION,66 years,"RS 14:44.1 — Second degree kidnapping, RS 14:27 Attempt/ 14:34 Armed Robbery",
23,ASCENSION,42 years,RS 14:30.1 Second Degree Murder,
23,ASCENSION,44 years,RS 14.31 Manslaughter,
23,Ascension,Invalid date,RS 14.42 Aggravated Rape / First Degree Rape,
24,JEFFERSON,38 years,"RS 14:30.1 Second Degree Murder, RS 14:95.1 Felon in Possession of a Firearm",
24,JEFFERSON,41 years,RS 14:30.1 Second Degree Murder,
24,JEFFERSON,44 years,RS 14:30.1 Second Degree Murder,
24,JEFFERSON,61 years,RS 14:42.1 - Second degree rape / Forcible rape,
24,JEFFERSON,37 years,"RS 14:30.1 Second Degree Murder, RS 14:95.1 Felon in Possession of a Firearm",
24,JEFFERSON,32 years,RS 14:30.1 Second Degree Murder,
24,JEFFERSON,49 years,RS 14:30.1 Second Degree Murder,
24,JEFFERSON,46 years,RS 14:30.1 Second Degree Murder,
24,JEFFERSON,36 years,RS 14:30.1 Second Degree Murder,
24,JEFFERSON,47 years,RS 14:30.1 Second Degree Murder,
24,JEFFERSON,56 years,RS 14:30.1 Second Degree Murder,
24,JEFFERSON,49 years,RS 14:30.1 Second Degree Murder,
24,JEFFERSON,Invalid date,RS 14:30.1 Second Degree Murder,
24,JEFFERSON,49 years,RS 14:30.1 Second Degree Murder,
24,JEFFERSON,47 years,"RS 14.42 Aggravated Rape / First Degree Rape, ""RS 14:43.1 Sexual battery,""",
24,JEFFERSON,35 years,RS 14:30.1 Second Degree Murder,
24,JEFFERSON,39 years,RS 14:30.1 Second Degree Murder,
24,JEFFERSON,39 years,RS 14.42 Aggravated Rape / First Degree Rape,
24,JEFFERSON,61 years,RS 14:30.1 Second Degree Murder,
24,JEFFERSON,79 years,RS 14:30.1 Second Degree Murder,
24,JEFFERSON,40 years,"RS 14:30.1 Second Degree Murder, RS 14:32.5 - Feticide",
24,JEFFERSON,37 years,RS 14:30.1 Second Degree Murder,
24,JEFFERSON,54 years,"RS 14:43.1 Sexual battery,",
24,JEFFERSON,44 years,RS 14:64 Armed Robbery,
24,JEFFERSON,56 years,"RS 14:93 — Cruelty to juveniles, RS 14:64 Armed Robbery, RS 14:27 Attempt/14:30.1 Second Degree Murder",
24,JEFFERSON,36 years,"RS 14:42.1 - Second degree rape / Forcible rape, RS 14:27 Attempt / 14.31 Manslaughter",
24,JEFFERSON,60 years,RS 14:30.1 Second Degree Murder,
24,JEFFERSON,43 years,RS 14:64 Armed Robbery,
24,JEFFERSON,40 years,RS 14:30.1 Second Degree Murder,
24,JEFFERSON,52 years,RS 14:30.1 Second Degree Murder,
24,JEFFERSON,37 years,"RS 14:27 Attempt/ 14:34 Armed Robbery, RS 14:95.1 Felon in Possession of a Firearm",
24,JEFFERSON,58 years,RS 14:64 Armed Robbery,
24,JEFFERSON,65 years,RS 14.51 Aggravated Arson,
24,JEFFERSON,51 years,RS 14:64 Armed Robbery,
24,JEFFERSON,59 years,RS 14:64.1 First Degree Robbery,
24,JEFFERSON,49 years,"RS 14:95.1 Felon in Possession of a Firearm, RS 14:30.1 Second Degree Murder",
24,JEFFERSON,40 years,RS 14:30.1 Second Degree Murder,
24,JEFFERSON,40 years,"RS 14:64 Armed Robbery, RS 14:27 Attempt/ 14:34 Armed Robbery",
24,JEFFERSON,33 years,"RS 14:64 Armed Robbery, RS 14:27 Attempt/ 14:34 Armed Robbery",
24,JEFFERSON,59 years,RS 14:64 Armed Robbery,
24,JEFFERSON,61 years,RS 40:966 Possession With Intent to Distribute Schedule I Drug,
24,JEFFERSON,44 years,"RS 14:30.1 Second Degree Murder, RS 14:27 Attempt/14:30.1 Second Degree Murder",
24,JEFFERSON,43 years,RS 14:30.1 Second Degree Murder,
24,JEFFERSON,47 years,RS 14:64 Armed Robbery,
24,JEFFERSON,42 years,RS 14:30.1 Second Degree Murder,
24,JEFFERSON,42 years,RS 14:30.1 Second Degree Murder,
24,JEFFERSON,33 years,RS 14:27 Attempt/14:30.1 Second Degree Murder,
24,JEFFERSON,76 years,RS 14.42 Aggravated Rape / First Degree Rape,
24,JEFFERSON,70 years,RS 14:30.1 Second Degree Murder,
24,JEFFERSON,41 years,"RS 14:64 Armed Robbery, RS 14:(26)64 conspiracy to commit armed robbery",
24,JEFFERSON,57 years,"RS 14.42 Aggravated Rape / First Degree Rape, RS 14:60 Aggravated Burglary, RS 14:89.1 Aggravated crime against nature",
24,JEFFERSON,58 years,RS 14.42 Aggravated Rape / First Degree Rape,
24,JEFFERSON,47 years,"RS 14:(26)64 conspiracy to commit armed robbery, RS 14:27 Attempt / 14.31 Manslaughter",
24,JEFFERSON,58 years,"RS 14:64 Armed Robbery, RS 14:(26)64 conspiracy to commit armed robbery",
24,JEFFERSON,46 years,RS 14:27 Attempt/ 14:34 Armed Robbery,
24,JEFFERSON,63 years,RS 14:30.1 Second Degree Murder,
24,JEFFERSON,45 years,"RS 14:108.2 Resisting Police by Force/Violence, RS 14:34.1 Battery of a Police Officer, RS 14:95.1 Felon in Possession of a Firearm, RS 14.27 Attempt / 14:34.6 Disarming a police officer",
24,JEFFERSON,56 years,RS 14.42 Aggravated Rape / First Degree Rape,
24,JEFFERSON,56 years,RS 14.42 Aggravated Rape / First Degree Rape,
24,JEFFERSON,42 years,RS 14:27 Attempt / 14.31 Manslaughter,
24,JEFFERSON,43 years,RS 14.31 Manslaughter,
24,JEFFERSON,38 years,RS 14:30.1 Second Degree Murder,
24,JEFFERSON,62 years,RS 14:30.1 Second Degree Murder,
24,JEFFERSON,70 years,RS 14:30.1 Second Degree Murder,
24,JEFFERSON,59 years,RS 14:30.1 Second Degree Murder,
24,JEFFERSON,Invalid date,"RS 14:64 Armed Robbery, RS 14:64.1 First Degree Robbery",
24,JEFFERSON,35 years,RS 14:64 Armed Robbery,
24,JEFFERSON,33 years,RS 14.31 Manslaughter,
24,JEFFERSON,59 years,"RS 14:27 Attempt/14:30.1 Second Degree Murder, RS 14:64 Armed Robbery, RS 14:64.1 First Degree Robbery, RS 14:44.1 — Second degree kidnapping",
24,JEFFERSON,Invalid date,RS 14.31 Manslaughter,
24,JEFFERSON,38 years,RS 14:64 Armed Robbery,
24,JEFFERSON,Invalid date,RS 14:64 Armed Robbery,
24,JEFFERSON,64 years,RS 14:27 Attempt/14:30.1 Second Degree Murder,
24,JEFFERSON,36 years,RS 14:30.1 Second Degree Murder,
24,JEFFERSON,54 years,RS 14:27 Attempt/14:30.1 Second Degree Murder,
24,JEFFERSON,Invalid date,RS 14:30.1 Second Degree Murder,
24,JEFFERSON,33 years,RS 14.31 Manslaughter,
24,JEFFERSON,47 years,"RS 14:44.1 — Second degree kidnapping, RS 14:64 Armed Robbery",
24,JEFFERSON,40 years,RS 14:64 Armed Robbery,
24,JEFFERSON,73 years,RS 14:30.1 Second Degree Murder,
24,JEFFERSON,Invalid date,RS 14.42 Aggravated Rape / First Degree Rape,
24,JEFFERSON,34 years,RS 14:64 Armed Robbery,
24,JEFFERSON,37 years,RS 14.31 Manslaughter,
24,JEFFERSON,72 years,"RS 14:27 Attempt/14:30.1 Second Degree Murder, RS 14:30.1 Second Degree Murder",
24,JEFFERSON,Invalid date,RS 14:64 Armed Robbery,
24,JEFFERSON,52 years,RS 14:30.1 Second Degree Murder,
24,JEFFERSON,53 years,RS 14:27 Attempt/14:30.1 Second Degree Murder,
24,JEFFERSON,Invalid date,RS 14.42 Aggravated Rape / First Degree Rape,
24,JEFFERSON,46 years,RS 14.42 Aggravated Rape / First Degree Rape,
24,JEFFERSON,33 years,RS 14.31 Manslaughter,
24,JEFFERSON,53 years,RS 14:30.1 Second Degree Murder,
24,JEFFERSON,60 years,"RS 14:64 Armed Robbery, RS 14:64.1 First Degree Robbery",
24,JEFFERSON,Invalid date,RS 14.42 Aggravated Rape / First Degree Rape,
24,JEFFERSON,48 years,RS 14:64 Armed Robbery,
24,JEFFERSON,48 years,RS 14:30.1 Second Degree Murder,
24,JEFFERSON,42 years,"RS 14.42 Aggravated Rape / First Degree Rape, ""RS 14:43.1 Sexual battery,""",
24,JEFFERSON,37 years,"RS 14:30.1 Second Degree Murder, RS 14:95.1 Felon in Possession of a Firearm",
24,JEFFERSON,32 years,RS 14.31 Manslaughter,
24,JEFFERSON,38 years,RS 14:30.1 Second Degree Murder,
24,JEFFERSON,51 years,"RS: 1238.1 Sale distribution or possession of legend drug without prescription, RS 40:966 Distribution Schedule I",
24,JEFFERSON,40 years,"RS 14:60 Aggravated Burglary, RS 14:95.1 Felon in Possession of a Firearm, RS 14:30.1 Second Degree Murder, RS 14:27 Attempt/14:30.1 Second Degree Murder",
24,JEFFERSON,48 years,RS 14:62.2 - Simple burglary of an inhabited dwelling,
24,JEFFERSON,34 years,RS 14.31 Manslaughter,
24,JEFFERSON,40 years,"RS 14:93 — Cruelty to juveniles, RS 14:30.1 Second Degree Murder",
24,JEFFERSON,56 years,"RS 14:64 Armed Robbery, RS 14:69 — Illegal possession of stolen things",
24,JEFFERSON,53 years,RS 14:42 Aggravated Rape of a Victim Under the Age of 13,
24,JEFFERSON,57 years,RS 14:64 Armed Robbery,
24,JEFFERSON,32 years,"RS 14:30.1 Second Degree Murder, RS 14:27 Attempt/14:30.1 Second Degree Murder, RS 14:27 Attempt/ 14:34 Armed Robbery",
24,JEFFERSON,47 years,RS 14:30.1 Second Degree Murder,
24,JEFFERSON,50 years,RS 14:64 Armed Robbery,
24,JEFFERSON,60 years,"RS 14:43.1 Sexual battery,, RS 14:81 - Indecent behavior with juveniles",
24,JEFFERSON,40 years,RS 14:64 Armed Robbery,
24,JEFFERSON,Invalid date,RS 14:30.1 Second Degree Murder,
24,JEFFERSON,69 years,RS 14:64 Armed Robbery,
24,JEFFERSON,61 years,RS 14:30.1 Second Degree Murder,
24,JEFFERSON,57 years,RS 14:30.1 Second Degree Murder,
24,JEFFERSON,68 years,"RS 14.42 Aggravated Rape / First Degree Rape, RS 14:81.1 Pornography involving juveniles ",
24,JEFFERSON,38 years,RS 14:64 Armed Robbery,
24,JEFFERSON,Invalid date,RS 14.42 Aggravated Rape / First Degree Rape,
24,JEFFERSON,70 years,"RS 14:43.3 Oral Sexual Battery, RS 14.42 Aggravated Rape / First Degree Rape, ""RS 14:43.1 Sexual battery,"", RS 14:81.2 Molestation of a juvenile",
24,JEFFERSON,44 years,RS 14:64 Armed Robbery,
24,JEFFERSON,Invalid date,"RS 14:64 Armed Robbery, RS 14:34 Aggravated Battery, RS 14:27 Attempt/ 14:34 Armed Robbery",
24,JEFFERSON,48 years,RS 14:30.1 Second Degree Murder,
24,JEFFERSON,46 years,RS 14:64 Armed Robbery,
24,JEFFERSON,32 years,"RS 14:30.1 Second Degree Murder, RS 14:27 Attempt/14:30.1 Second Degree Murder",
24,JEFFERSON,Invalid date,"RS 14:64 Armed Robbery, RS 14:44 Aggravated Kidnapping",
24,JEFFERSON,50 years,RS 14:30.1 Second Degree Murder,
24,JEFFERSON,39 years,RS 14:30.1 Second Degree Murder,
24,JEFFERSON,44 years,"RS 14:95.1 Felon in Possession of a Firearm, RS 40:966 Distribution Schedule I",
24,JEFFERSON,51 years,"RS 14:30.1 Second Degree Murder, RS 14:27 Attempt/14:30.1 Second Degree Murder",
24,JEFFERSON,52 years,"RS 14.42 Aggravated Rape / First Degree Rape, RS 14:81 - Indecent behavior with juveniles",
24,JEFFERSON,Invalid date,RS 14.42 Aggravated Rape / First Degree Rape,
24,JEFFERSON,37 years,RS 14:30.1 Second Degree Murder,
24,JEFFERSON,Invalid date,"RS 14:44.1 — Second degree kidnapping, RS 14:64 Armed Robbery",
24,JEFFERSON,66 years,RS 14:27 Attempt/14:30.1 Second Degree Murder,
24,JEFFERSON,Invalid date,"RS 14.42 Aggravated Rape / First Degree Rape, RS 14:43.3 Oral Sexual Battery, RS 14:64 Armed Robbery",
24,JEFFERSON,61 years,RS 14:64 Armed Robbery,
24,JEFFERSON,49 years,RS 14:42.1 - Second degree rape / Forcible rape,
24,JEFFERSON,Invalid date,RS 14:30.1 Second Degree Murder,
24,JEFFERSON,74 years,RS 14.42 Aggravated Rape / First Degree Rape,
24,JEFFERSON,Invalid date,RS 14.42 Aggravated Rape / First Degree Rape,
25,PLAQUEMINES,60 years,RS 14:30.1 Second Degree Murder,
25,PLAQUEMINES,50 years,RS 14:81 - Indecent behavior with juveniles,
26,WEBSTER,55 years,RS 14.42 Aggravated Rape / First Degree Rape,
26,BOSSIER,61 years,"RS 14.42 Aggravated Rape / First Degree Rape, RS 14:89.1 Aggravated crime against nature",
26,BOSSIER,41 years,RS 14:27 Attempt/14:30.1 Second Degree Murder,
26,WEBSTER,60 years,"RS 40:983 Operation of a clandestine methamphetamine laboratory, RS 14:52 Simple Arson",
26,WEBSTER,40 years,RS 14:64 Armed Robbery,
26,WEBSTER,28 years,RS 14:95.1 Felon in Possession of a Firearm,
26,BOSSIER,44 years,RS 14:30.1 Second Degree Murder,
26,WEBSTER,64 years,RS 14.42 Aggravated Rape / First Degree Rape,
26,BOSSIER,47 years, RS 40:967 Distribution of a Schedule 2 Drug,No
26,WEBSTER,39 years,RS 14:30.1 Second Degree Murder,
26,BOSSIER,Invalid date,RS 14:64 Armed Robbery,
26,BOSSIER,Invalid date,RS 14:64 Armed Robbery,
26,BOSSIER,46 years,RS 14:30.1 Second Degree Murder,
26,WEBSTER,Invalid date,RS 14.42 Aggravated Rape / First Degree Rape,
26,WEBSTER,53 years,"RS 14:64 Armed Robbery, RS 14.31 Manslaughter",
26,WEBSTER,34 years,RS 14:78.1 Aggravated Incest (Repealed in 2014),
26,BOSSIER,Invalid date,"RS 14.42 Aggravated Rape / First Degree Rape, RS 14:64 Armed Robbery",
26,WEBSTER,Invalid date,"RS 14:110 Aggravated Escape, RS 14:34.1 Second Degree Battery",
27,ST. LANDRY,54 years,RS 14:30.1 Second Degree Murder,
27,ST. LANDRY,42 years,RS 14:30.1 Second Degree Murder,
27,ST. LANDRY,51 years,RS 14:30.1 Second Degree Murder,
27,ST. LANDRY,44 years,"RS 14.31 Manslaughter, RS 14:95.1 Felon in Possession of a Firearm",
27,ST. LANDRY,43 years,RS 14:30.1 Second Degree Murder,
27,ST. LANDRY,Invalid date,RS 14:30.1 Second Degree Murder,
27,ST. LANDRY,Invalid date,RS 14:30.1 Second Degree Murder,
27,ST. LANDRY,57 years,"RS 14:95.1 Felon in Possession of a Firearm, RS 14:64 Armed Robbery",
29,ST. CHARLES,48 years,RS 14:64 Armed Robbery,
29,ST. CHARLES,45 years,RS 14:30.1 Second Degree Murder,
29,ST. CHARLES,47 years,RS 14:64 Armed Robbery,
29,ST. CHARLES,Invalid date,"RS 14.42 Aggravated Rape / First Degree Rape, RS 14:60 Aggravated Burglary",
29,ST. CHARLES,31 years,RS 14:30.1 Second Degree Murder,
30,VERNON,37 years,"RS 14:30 First Degree Murder, RS 14:(26)64 conspiracy to commit armed robbery, RS 14:64 Armed Robbery",
30,VERNON,69 years,RS 14:30.1 Second Degree Murder,
30,VERNON,50 years,RS 14:30.1 Second Degree Murder,
30,VERNON,71 years,RS 14.42 Aggravated Rape / First Degree Rape,
30,VERNON,54 years,RS 14.42 Aggravated Rape / First Degree Rape,
31,JEFFERSON DAVIS,41 years,"RS 14.27 Attempt/ 14:30 First Degree, RS 14:95.1 Felon in Possession of a Firearm",
32,TERREBONNE,61 years,RS 14:30.1 Second Degree Murder,
32,TERREBONNE,61 years,RS 14:30.1 Second Degree Murder,
32,TERREBONNE,31 years,RS 14:30.1 Second Degree Murder,
32,TERREBONNE,34 years,RS 14:30.1 Second Degree Murder,
32,TERREBONNE,31 years,RS 14.27 Attempt/ 14:30 First Degree,
32,TERREBONNE,39 years,RS 14:30.1 Second Degree Murder,
32,TERREBONNE,38 years,RS 14.31 Manslaughter,
32,TERREBONNE,31 years,RS 14.31 Manslaughter,
32,TERREBONNE,62 years,RS 14:81 - Indecent behavior with juveniles,
32,TERREBONNE,42 years,RS 14:30.1 Second Degree Murder,
32,TERREBONNE,38 years,RS 40:966 Possession With Intent to Distribute Schedule I Drug,
32,TERREBONNE,51 years,RS 14:30.1 Second Degree Murder,
32,TERREBONNE,60 years,RS 14.42 Aggravated Rape / First Degree Rape,
32,TERREBONNE,79 years,RS 14.42 Aggravated Rape / First Degree Rape,
32,TERREBONNE,38 years,"RS 14:30 First Degree Murder, RS 14:130.1 Obstruction of Justice, RS 14:95.1 Felon in Possession of a Firearm",
32,TERREBONNE,Invalid date,"RS 14.31 Manslaughter, RS 14:27 Attempt / 14.31 Manslaughter",
32,TERREBONNE,63 years,RS 14:30.1 Second Degree Murder,
32,TERREBONNE,60 years,RS 14.42 Aggravated Rape / First Degree Rape,
32,TERREBONNE,65 years,RS 14.42 Aggravated Rape / First Degree Rape,
32,TERREBONNE,Invalid date,"RS 14:30.1 Second Degree Murder, RS 14:27 Attempt/14:30.1 Second Degree Murder",
32,TERREBONNE,47 years,RS 14:30.1 Second Degree Murder,
32,TERREBONNE,47 years,"RS 14:30.1 Second Degree Murder, RS 14.31 Manslaughter, RS 14:27 Attempt / 14.31 Manslaughter",
32,TERREBONNE,Invalid date,RS 14:30.1 Second Degree Murder,
32,TERREBONNE,30 years,"RS 14.42 Aggravated Rape / First Degree Rape, RS 14:64 Armed Robbery",
32,TERREBONNE,45 years,RS 14:30.1 Second Degree Murder,
33,ALLEN,63 years,"RS 14.42 Aggravated Rape / First Degree Rape, RS 14:78.1 Aggravated Incest (Repealed in 2014)",
33,ALLEN,61 years,RS 14:30.1 Second Degree Murder,
33,ALLEN,42 years,RS 14:27 Attempt/14:30.1 Second Degree Murder,
33,ALLEN,34 years,"RS 14.42 Aggravated Rape / First Degree Rape, ""RS 14:43.1 Sexual battery,"", RS 14:81 - Indecent behavior with juveniles",
33,ALLEN,57 years,"RS 14:130.1 Obstruction of Justice, RS 14:30.1 Second Degree Murder",
33,ALLEN,59 years,"RS 14:30.1 Second Degree Murder, RS 14:95.1 Felon in Possession of a Firearm",
33,ALLEN,69 years,"RS 14.42 Aggravated Rape / First Degree Rape, RS 14:81.2 Molestation of a juvenile, RS 14:81 - Indecent behavior with juveniles",
33,ALLEN,48 years,"RS 14:64 Armed Robbery, RS 14:(26)64 conspiracy to commit armed robbery, RS 14:130.1 Obstruction of Justice",
34,ST. BERNARD,Invalid date,RS 14:27 Attempt/14:30.1 Second Degree Murder,
34,ST. BERNARD,70 years,RS 14:30.1 Second Degree Murder,
34,ST. BERNARD,4 years,RS 14:30.1 Second Degree Murder,
35,GRANT,36 years,RS 14.51 Aggravated Arson,
36,BEAUREGARD,59 years,RS 14:30.1 Second Degree Murder,
36,BEAUREGARD,48 years,RS 14.31 Manslaughter,
36,BEAUREGARD,75 years,RS 14:30.1 Second Degree Murder,
37,CALDWELL,45 years,RS 14:64 Armed Robbery,
37,CALDWELL,58 years,RS 14:30.1 Second Degree Murder,
37,CALDWELL,Invalid date," RS 40:967 Distribution of a Schedule 2 Drug, RS 40:967 Possession of a Schedule 2 Drug",No
38,CAMERON,77 years,RS 14:30.1 Second Degree Murder,
39,RED RIVER,49 years,RS 14.31 Manslaughter,
40,ST. JOHN THE BAPTIST,38 years,"RS 14:27 Attempt/14:30.1 Second Degree Murder, RS 14:30.1 Second Degree Murder",
40,ST. JOHN THE BAPTIST,42 years,RS 14:30.1 Second Degree Murder,
40,ST. JOHN THE BAPTIST,53 years,RS 14:30.1 Second Degree Murder,
40,ST. JOHN THE BAPTIST,58 years,RS 14:34 Aggravated Battery,
40,ST. JOHN THE BAPTIST,55 years,RS 14:30.1 Second Degree Murder,
40,ST. JOHN THE BAPTIST,36 years,"RS 14:27 Attempt/ 14:34 Armed Robbery, RS 14:64 Armed Robbery",
40,ST. JOHN THE BAPTIST,45 years,RS 14:30.1 Second Degree Murder,
40,ST JOHN THE BAPTIST,58 years,"RS 14:27 Attempt/14:30.1 Second Degree Murder, RS 14:44.1 — Second degree kidnapping",
41,ORLEANS,64 years,RS 14.42 Aggravated Rape / First Degree Rape,
41,ORLEANS,40 years,RS 14:30.1 Second Degree Murder,
41,ORLEANS,72 years,RS 14:30.1 Second Degree Murder,
41,ORLEANS,33 years,RS 14:30.1 Second Degree Murder,
41,ORLEANS,59 years,RS 14:30.1 Second Degree Murder,
41,ORLEANS,67 years,"RS 14.42 Aggravated Rape / First Degree Rape, RS 14:64 Armed Robbery",
41,ORLEANS,62 years,RS 14:64 Armed Robbery,
41,ORLEANS,33 years,RS 14:30.1 Second Degree Murder,
41,ORLEANS,76 years,RS 14:30.1 Second Degree Murder,
41,ORLEANS,68 years,RS 14:64 Armed Robbery,
41,ORLEANS,47 years,"RS 14:30.1 Second Degree Murder, RS 14:27 Attempt/14:30.1 Second Degree Murder",
41,ORLEANS,49 years,"RS 14.42 Aggravated Rape / First Degree Rape, RS 14:44.1 — Second degree kidnapping, RS 14:42.1 - Second degree rape / Forcible rape",
41,ORLEANS,51 years,RS 14:30.1 Second Degree Murder,
41,ORLEANS,44 years,RS 14.42 Aggravated Rape / First Degree Rape,
41,ORLEANS,55 years,RS 14:30.1 Second Degree Murder,
41,ORLEANS,51 years,RS 14:30.1 Second Degree Murder,
41,ORLEANS,50 years,RS 14:30.1 Second Degree Murder,
41,ORLEANS,36 years,"RS 14:30.1 Second Degree Murder, RS 14:27 Attempt/14:30.1 Second Degree Murder",
41,ORLEANS,55 years,RS 14:30.1 Second Degree Murder,
41,ORLEANS,73 years,"RS 14.42 Aggravated Rape / First Degree Rape, RS 14:89.1 Aggravated crime against nature, RS 14:44.1 — Second degree kidnapping",
41,ORLEANS,70 years,RS 14:30.1 Second Degree Murder,
41,ORLEANS,71 years,RS 14:30.1 Second Degree Murder,
41,ORLEANS,57 years,"RS 14.42 Aggravated Rape / First Degree Rape, RS 14:64 Armed Robbery",
41,ORLEANS,56 years,"RS 14.42 Aggravated Rape / First Degree Rape, RS 14:44 Aggravated Kidnapping",
41,ORLEANS,52 years,RS 14:30.1 Second Degree Murder,
41,ORLEANS,78 years,RS 14.42 Aggravated Rape / First Degree Rape,
41,ORLEANS,78 years,RS 14:30 First Degree Murder,
41,ORLEANS,49 years,RS 14:30.1 Second Degree Murder,
41,ORLEANS,47 years,"RS 14:95.1 Felon in Possession of a Firearm, RS 14:62 Simple Burglary ",
41,ORLEANS,34 years,"RS 14:64 Armed Robbery, RS 14.42 Aggravated Rape / First Degree Rape",
41,ORLEANS,70 years,RS 14:30 First Degree Murder,
41,ORLEANS,38 years,RS 14:30.1 Second Degree Murder,
41,ORLEANS,44 years,RS 14:27 Attempt/14:30.1 Second Degree Murder,
41,ORLEANS,45 years,RS 14:30.1 Second Degree Murder,
41,ORLEANS,38 years,RS 14:30.1 Second Degree Murder,
41,ORLEANS,35 years,RS 14.31 Manslaughter,
41,ORLEANS,69 years,RS 14.42 Aggravated Rape / First Degree Rape,
41,ORLEANS,48 years,RS 14:30.1 Second Degree Murder,
41,ORLEANS,60 years,RS 14:43 Simple (Third Degree) Rape,
41,ORLEANS,52 years,RS 14:30.1 Second Degree Murder,
41,ORLEANS,45 years,RS 14:30.1 Second Degree Murder,
41,ORLEANS,48 years,RS 14:62.8 Home Invasion,
41,ORLEANS,64 years,RS 15:542.1.4 Failure to Register as a sex offender,
41,ORLEANS,62 years,"RS 14.42 Aggravated Rape / First Degree Rape, RS 14:60 Aggravated Burglary",
41,ORLEANS,59 years,RS 14:43 Simple (Third Degree) Rape,
41,ORLEANS,37 years,RS 14:64.4 Second Degree Robbery,
41,ORLEANS,43 years,RS 14.31 Manslaughter,
41,ORLEANS,36 years,RS 14:27 Attempt/14:30.1 Second Degree Murder,
41,ORLEANS,52 years,RS 14:30.1 Second Degree Murder,
41,ORLEANS,43 years,"RS 14:34.1 Second Degree Battery, RS 14:43 Simple (Third Degree) Rape",
41,ORLEANS,30 years,RS 14:64 Armed Robbery,
41,ORLEANS,65 years,RS 14.42 Aggravated Rape / First Degree Rape,
41,ORLEANS,55 years,"RS 14.42 Aggravated Rape / First Degree Rape, RS 14.27 Attempt/ RS 14.44 Aggravated Kidnapping",
41,ORLEANS,48 years,RS 14:30.1 Second Degree Murder,
41,ORLEANS,64 years,"RS 14:30.1 Second Degree Murder, RS 14:27 Attempt/14:30.1 Second Degree Murder",
41,ORLEANS,53 years,RS 14:27 Attempt/14:30.1 Second Degree Murder,
41,ORLEANS,60 years,"RS 14.42 Aggravated Rape / First Degree Rape, RS 14:42.1 - Second degree rape / Forcible rape",
41,ORLEANS,59 years,RS 14:27 Attempt/14:30.1 Second Degree Murder,
41,ORLEANS,51 years,RS 14:30.1 Second Degree Murder,
41,ORLEANS,42 years,RS 14.31 Manslaughter,
41,ORLEANS,59 years,RS 14:27 Attempt / 14.31 Manslaughter,
41,ORLEANS,59 years,RS 14:30.1 Second Degree Murder,
41,ORLEANS,37 years,"RS 14:27 Attempt/14:30.1 Second Degree Murder, RS 14:95.1 Felon in Possession of a Firearm",
41,ORLEANS,43 years,"RS 14:27 Attempt/14:30.1 Second Degree Murder, RS 14:95.1 Felon in Possession of a Firearm",
41,ORLEANS,66 years,RS 14.42 Aggravated Rape / First Degree Rape,
41,ORLEANS,44 years,RS 14:30.1 Second Degree Murder,
41,ORLEANS,60 years,RS 14.27 Attempt/ RS 14.42 Aggravated Rape,
41,ORLEANS,41 years,RS 14:30.1 Second Degree Murder,
41,ORLEANS,46 years,RS 14:30.1 Second Degree Murder,
41,ORLEANS,39 years,"RS 14:30.1 Second Degree Murder, RS 14:27 Attempt/14:30.1 Second Degree Murder",
41,ORLEANS,77 years,"RS 14:89.1 Aggravated crime against nature, RS 14:42.1 - Second degree rape / Forcible rape, ""RS 14:43.1 Sexual battery,""",
41,ORLEANS,52 years,RS 14:30.1 Second Degree Murder,
41,ORLEANS,42 years,RS 14:27 Attempt/14:30.1 Second Degree Murder,
41,ORLEANS,58 years,RS 14:30.1 Second Degree Murder,
41,ORLEANS,67 years,RS 14:30 First Degree Murder,
41,ORLEANS,71 years,"RS 14.42 Aggravated Rape / First Degree Rape, RS 14.27 Attempt/ RS 14.42 Aggravated Rape, RS 14:64 Armed Robbery",
41,ORLEANS,34 years,RS 14:30.1 Second Degree Murder,
41,ORLEANS,47 years,RS 14:30.1 Second Degree Murder,
41,ORLEANS,64 years,RS 14:30.1 Second Degree Murder,
41,ORLEANS,62 years,"RS 14:27 Attempt/ 14:34 Armed Robbery, RS 14:64 Armed Robbery, RS 14.27 Attempt/ RS 14:64.1 First Degree Robbery, RS 14:27 Attempt / 14.31 Manslaughter",
41,ORLEANS,51 years,RS 14:30.1 Second Degree Murder,
41,ORLEANS,36 years,RS 14.27 Attempt/ 14:30 First Degree,
41,ORLEANS,79 years,RS 14:30.1 Second Degree Murder,
41,ORLEANS,78 years,RS 14:30.1 Second Degree Murder,
41,ORLEANS,61 years,RS 14:64 Armed Robbery,
41,ORLEANS,60 years,RS 14.42 Aggravated Rape / First Degree Rape,
41,ORLEANS,56 years,RS 14:30.1 Second Degree Murder,
41,ORLEANS,36 years,RS 14.31 Manslaughter,
41,ORLEANS,30 years,"RS 14:64 Armed Robbery, RS 14:30.1 Second Degree Murder, RS 14:34.1 Second Degree Battery",
41,ORLEANS,60 years,RS 14:30.1 Second Degree Murder,
41,ORLEANS,51 years,RS 14:30.1 Second Degree Murder,
41,ORLEANS,62 years,RS 14:64 Armed Robbery,
41,ORLEANS,46 years,"RS 14:30.1 Second Degree Murder, RS 14:27 Attempt/14:30.1 Second Degree Murder",
41,ORLEANS,53 years,"RS 14.42 Aggravated Rape / First Degree Rape, RS 14:60 Aggravated Burglary, RS 14:89.1 Aggravated crime against nature, RS 14:44 Aggravated Kidnapping",
41,ORLEANS,62 years,RS 14:30.1 Second Degree Murder,
41,ORLEANS,37 years,RS 14:64.1 First Degree Robbery,
41,ORLEANS,67 years,RS 14:30.1 Second Degree Murder,
41,ORLEANS,66 years,RS 14:30.1 Second Degree Murder,
41,ORLEANS,45 years,RS 14.31 Manslaughter,
41,ORLEANS,49 years,RS 14:30.1 Second Degree Murder,
41,ORLEANS,44 years,RS 14:30.1 Second Degree Murder,
41,ORLEANS,71 years,RS 14:27 Attempt/14:30.1 Second Degree Murder,
41,ORLEANS,64 years,RS 14.42 Aggravated Rape / First Degree Rape,
41,ORLEANS,55 years,RS 14:30.1 Second Degree Murder,
41,ORLEANS,54 years,"RS 14:42.1 - Second degree rape / Forcible rape, RS 14:44.1 — Second degree kidnapping, 14:43.5 Intentional Exposure to HIV",
41,ORLEANS,33 years,RS 14.31 Manslaughter,
41,ORLEANS,66 years,RS 14.42 Aggravated Rape / First Degree Rape,
41,ORLEANS,59 years,RS 14:30.1 Second Degree Murder,
41,ORLEANS,45 years,"RS 14:62 Simple Burglary , RS 14:42.1 - Second degree rape / Forcible rape, RS 14:64 Armed Robbery, RS 14:60 Aggravated Burglary",
41,ORLEANS,38 years,RS 14:30.1 Second Degree Murder,
41,ORLEANS,70 years,RS 14.31 Manslaughter,
41,ORLEANS,66 years,RS 14:30.1 Second Degree Murder,
41,ORLEANS,48 years,RS 14.31 Manslaughter,
41,ORLEANS,45 years,RS 14:27 Attempt/14:30.1 Second Degree Murder,
41,ORLEANS,70 years,RS 14:64 Armed Robbery,
41,ORLEANS,52 years,"RS 14:30.1 Second Degree Murder, RS 14.27 Attempt/ 14:30 First Degree",
41,ORLEANS,58 years,RS 14:30.1 Second Degree Murder,
41,ORLEANS,57 years,RS 14:64 Armed Robbery,
41,ORLEANS,45 years,RS 14:30.1 Second Degree Murder,
41,ORLEANS,41 years,RS 14.31 Manslaughter,
41,ORLEANS,50 years,RS 14:30.1 Second Degree Murder,
41,ORLEANS,67 years,"Rs 14:54 Simple Kidnapping, RS 14:42.1 - Second degree rape / Forcible rape",
41,ORLEANS,68 years,RS 14:30.1 Second Degree Murder,
41,ORLEANS,55 years,RS 14:27 Attempt/14:30.1 Second Degree Murder,
41,ORLEANS,61 years,RS 14:30.1 Second Degree Murder,
41,ORLEANS,65 years,RS 14:30.1 Second Degree Murder,
41,ORLEANS,70 years,RS 14:30.1 Second Degree Murder,
41,ORLEANS,69 years,RS 14:30.1 Second Degree Murder,
41,ORLEANS,47 years,RS 14:64 Armed Robbery,
41,ORLEANS,66 years,"RS 14.42 Aggravated Rape / First Degree Rape, RS 14:44 Aggravated Kidnapping",
41,ORLEANS,66 years,RS 14:30.1 Second Degree Murder,
41,ORLEANS,67 years,RS 14.42 Aggravated Rape / First Degree Rape,
41,ORLEANS,35 years,"RS 14:95.1 Felon in Possession of a Firearm, RS 14:27 Attempt/14:30.1 Second Degree Murder",
41,ORLEANS,47 years,RS 14:30.1 Second Degree Murder,
41,ORLEANS,34 years,"RS 14:27 Attempt/14:30.1 Second Degree Murder, RS 14:95.1 Felon in Possession of a Firearm, RS 14:94 illegal carrying and discharging a weapon",
41,ORLEANS,51 years,RS 14:30.1 Second Degree Murder,
41,ORLEANS,65 years,RS 14.42 Aggravated Rape / First Degree Rape,
41,ORLEANS,56 years,RS 14:30.1 Second Degree Murder,
41,ORLEANS,47 years,"RS 14:64 Armed Robbery, RS 14:27 Attempt/ 14:34 Armed Robbery",
41,ORLEANS,52 years,RS 14:30.1 Second Degree Murder,
41,ORLEANS,64 years,RS 14:30.1 Second Degree Murder,
41,ORLEANS,57 years,"RS 14.42 Aggravated Rape / First Degree Rape, RS 14:64 Armed Robbery",
41,ORLEANS,53 years,RS 14:30.1 Second Degree Murder,
41,ORLEANS,52 years,RS 14:64 Armed Robbery,
41,ORLEANS,52 years,"RS 14.27 Attempt/ 14:30 First Degree, RS 14:110 Aggravated Escape",
41,ORLEANS,62 years,"RS 14:64 Armed Robbery, RS 14:65 Simple Robbery, RS 14.27 Attempt/ RS 14:64.1 First Degree Robbery, RS 14:27 Attempt/14:30.1 Second Degree Murder",
41,ORLEANS,52 years,RS 14:30.1 Second Degree Murder,
41,ORLEANS,44 years,RS 14.31 Manslaughter,
41,ORLEANS,40 years,RS 14:30.1 Second Degree Murder,
41,ORLEANS,52 years,RS 14:42.1 - Second degree rape / Forcible rape,
41,ORLEANS,41 years,RS 14:30.1 Second Degree Murder,
41,ORLEANS,46 years,"RS 14:27 Attempt/14:30.1 Second Degree Murder, RS 14:95.1 Felon in Possession of a Firearm, RS 40:967  Possession with Intent to Distribute Schedule II",
41,ORLEANS,66 years,"RS 14.42 Aggravated Rape / First Degree Rape, RS 14:64 Armed Robbery",
41,ORLEANS,41 years,RS 14.27 Attempt/ RS 14.42 Aggravated Rape,
41,ORLEANS,45 years,RS 14:95.1 Felon in Possession of a Firearm,
41,ORLEANS,51 years,RS 14.31 Manslaughter,
41,ORLEANS,77 years,RS 14.42 Aggravated Rape / First Degree Rape,
41,ORLEANS,73 years,RS 14.42 Aggravated Rape / First Degree Rape,
41,ORLEANS,48 years,RS 14:27 Attempt / 14.31 Manslaughter,
41,ORLEANS,60 years,RS 14:64.1 First Degree Robbery,
41,ORLEANS,45 years,"RS 14:27 Attempt / 14.31 Manslaughter, RS 14.31 Manslaughter",
41,ORLEANS,58 years,RS 14:30.1 Second Degree Murder,
41,ORLEANS,40 years,"RS 14.27 Attempt/ RS 14.42 Aggravated Rape, RS 14:(26)64 conspiracy to commit armed robbery, RS 14:43.3 Oral Sexual Battery",
41,ORLEANS,65 years,RS 14:27 Attempt/14:30.1 Second Degree Murder,
41,ORLEANS,64 years,"RS 14:64 Armed Robbery, RS 14:27 Attempt/14:30.1 Second Degree Murder",
41,ORLEANS,49 years,RS 14.42 Aggravated Rape / First Degree Rape,
41,ORLEANS,42 years,RS 14.31 Manslaughter,
41,ORLEANS,54 years,RS 14.27 Attempt/ RS 14.42 Aggravated Rape,
41,ORLEANS,43 years,RS 14:64 Armed Robbery,
41,ORLEANS,48 years,"Rs 14:54 Simple Kidnapping, RS 14:27 Attempt / 14.31 Manslaughter",
41,ORLEANS,66 years,RS 14:30.1 Second Degree Murder,
41,ORLEANS,40 years,,
41,ORLEANS,47 years,RS 14.31 Manslaughter,
41,ORLEANS,64 years,"RS 14.42 Aggravated Rape / First Degree Rape, RS 14:64 Armed Robbery",
41,ORLEANS,60 years,RS 14:42.1 - Second degree rape / Forcible rape,
42,DESOTO,36 years,RS 14:30.1 Second Degree Murder,
42,DESOTO,37 years,RS 14:27 Attempt/14:30.1 Second Degree Murder,
42,DESOTO,92 years,RS 14:30.1 Second Degree Murder,